Date,Product_1,Product_2,Product_3,Private_Key,Boolean_Column,Integer_Column,String_Column
2024-06-24 09:05:00,4.4070758627705775,3.1850174904498223,2.7252649734311754,5fdd44da8765474fb4117661cfe9d8b8,False,26,vCRUwnenLM
2024-06-25 03:22:00,4.442128855713952,4.519208887848114,2.0791425435852005,07eff38cc8384a1184dbe23e0759dd95,False,35,NKfjCDJhNJ
2024-06-26 21:38:00,2.3856557090608317,2.6334599907936056,2.671558741835957,3a53ee33133840288e10156b31e2f2fb,False,96,lGOdJrghnU
2024-06-27 20:37:00,3.3598284298384673,4.033011820418095,2.65822949901988,ecd4b93dc51a4065a5f689ee90206750,False,75,RetaDORymc
2024-06-28 07:00:00,4.077391661783426,2.7856226192485734,2.609744865769838,625ea5f74e354a40902bfa59a28882d6,False,74,vMIVwauPCK
2024-06-29 12:25:00,3.8308146804255547,3.3516219380899033,3.4909218502515236,177b4b5118c54ef4b9f9f4ef9215f7af,False,92,ImDTAjVTJQ
2024-06-30 18:44:00,3.249019043081338,2.2378415320465788,2.5191371881845717,7b3d1e670e0945db9c3cf61daba4763d,True,97,FpfEqcwmQH
2024-07-01 07:21:00,4.8257691227354975,,2.5218795945996186,177fa64df9df408cb3575e0bbd1c23fe,False,13,gxKGssXaIK
2024-07-02 08:42:00,3.0640323660579956,3.7896946617779173,2.5898875406541135,d6610fa80bc646f38b3b67d11f576802,True,41,CbxSaXWYRu
2024-07-03 16:47:00,2.489269975845956,2.2876841452295,,ac45e2a4aa194253b7460b48d5c20898,False,36,SVteMkJSCP
2024-07-04 15:34:00,4.14427951117881,3.6605427968520954,2.844584500424646,5413e1b084694a6bab1299d1405c9df2,True,56,SYJElVpjdC
2024-07-05 12:06:00,3.6260920223245963,4.996209429616419,3.645133035904316,f851e5fa5faf40f896086f2047dca4d7,False,58,LNvwADMgCG
2024-07-06 15:39:00,4.9507527179299755,4.428251676586653,3.536760305330702,9e4d086455114b6f89aab667177b7f2c,False,52,uXNdddVNbI
2024-07-07 19:58:00,2.0679743450092887,3.7402167222072027,2.421048549269302,4d11dcaa12c842c7b63e46d977b334f0,True,62,sBsSjJsEUu
2024-07-08 13:11:00,2.260380582368625,3.3072522466430034,3.746730266682565,2e3f8ee1fa4a4a7aa6840e49377287a1,True,12,NTCFHFUekX
2024-07-09 06:15:00,4.933029374681814,2.461450469773619,2.6897669050153614,6b1247c7e24044f38c237d46d9beae58,True,95,lolWiasShP
2024-07-10 06:12:00,2.817472321812253,4.908375456258945,3.5027650199062843,3649209a020a4b7b837883cb8913a619,True,5,YlbrSYqitB
2024-07-11 17:05:00,3.962101294465568,2.5676447719377338,2.654122925874064,6de17fd32ea34ce3a661f9bcaff060d3,True,27,iypxLmARnh
2024-07-12 14:04:00,3.632078468353873,3.0293960614169864,4.5570173626062145,6ff20dbfe6bb40709cade7114eac911b,False,85,iLZjKxLeNW
2024-07-13 09:13:00,2.4921368549961813,4.750226935231756,3.6456127697184115,a0dfd4c41c8c4882a9bf8876bc54430a,False,28,yPjIgzLmfI
2024-07-14 21:33:00,2.0579646617247938,3.0650553652352333,4.048559498383074,2b0e45073b7c44b4accd3d0f278f43bc,True,81,IRBZZRJEiP
2024-07-15 22:14:00,4.115380824325088,3.537039089734967,3.389835527252253,db086c751f3e4bd1b4a78ac61351fb82,True,77,DyCgGyTCyq
2024-07-16 06:08:00,3.660585899541798,3.179236433446399,4.291816394664461,ff28df18c20b4b90920872d5128a2985,False,42,gzbvsNGVYF
2024-07-17 00:04:00,4.012557509852487,4.702832390834374,,ac9b8f970da4430f92d04c9ea3ca7c68,False,28,cXMDNaJKqX
2024-07-18 11:08:00,2.6022215793620562,4.48511993983119,4.217629436263118,f98fefdac9934465ad746a2707ea4717,False,14,cdGqwSekNi
2024-07-19 16:49:00,3.872319240245991,4.638092807917572,3.644625491245118,157c6ccda7b3429c96e1ce3c5e7c5b08,True,77,VyVLYSTgMF
2024-07-20 05:44:00,4.80030550528977,2.4387679552292534,4.214660085173001,36bbfa2e83d44882a5bac3cb161c55bc,True,59,ZQLsajvkug
2024-07-21 14:30:00,2.5992611259627156,2.6268250458867692,2.3815984616293715,7afe72c191f0487c9cce5b7d339da82c,True,50,vuAlqnjsaj
2024-07-22 21:15:00,4.477158027516735,2.3914651951197747,4.708695969433132,f6b560c37bc94508b509766657421e7f,True,72,rNAryjpCRT
2024-07-23 06:02:00,3.6483746482276493,4.073567331842333,2.0893818061810867,6c757507087c4655ae640fe49f29274c,True,11,MrDYkfRsLv
2024-07-24 05:01:00,3.398009885853285,4.422700324833493,,bab24ff048484009b68984a3ef3676b1,True,10,wmnPzCmvct
2024-07-25 01:28:00,4.451609116779386,3.9943370561279945,4.226416218248454,e7d33f6a5042454da1fd7d9ed615bbbf,False,95,cmNsnlqegG
2024-07-26 10:44:00,2.500098656896446,4.707554262512264,3.2152870742582387,866c3c64d0a149e3b9c40b8fc886fb20,True,29,lkclSpHCvW
2024-07-27 19:12:00,2.981832524402849,3.9542526220412912,2.1193359569274968,4dd046ed380c4645985c3034fc34b504,True,40,BdTSUmSmrm
2024-07-28 15:41:00,3.0825085157578123,2.7566575894079963,4.7826464037409675,3da4fef03cbd4f059a80d571d70fa315,True,75,nxYeteJVql
2024-07-29 12:48:00,3.003580835846113,2.150573850444694,2.9316695250018734,d4cf825bdc4341ef8cce5640a332d968,False,2,qQPuHkCknF
2024-07-30 03:04:00,2.607772681760939,3.6076021533870373,4.678054509130891,0152ae16815a4baf8a2ec18dbf1803b0,True,13,qScdrkjPaq
2024-07-31 14:48:00,4.130582213485933,4.157642360357883,2.16806349934631,8b5c5c2fb0814893a05bc060a4cb2810,True,17,OvnkAikvHN
2024-08-01 01:24:00,4.876137277683501,3.1395342715058407,2.3266580761448674,e4973f5701e547938601e7bfed342bd8,True,86,rvLnqdXhFi
2024-08-02 11:05:00,3.3095719597979794,3.508210273046316,2.2594490264105884,cdaba88daf4c45debccd79da2e263696,False,39,SFvToUicsT
2024-08-03 23:14:00,4.308878317125282,3.720808510457788,4.056641267787262,c7ddf5f12ce84df393372f928a6e6f7c,False,42,QeiqduBsOH
2024-08-04 00:26:00,2.61872867486506,4.235418712270183,3.048223437536673,967dd84790f7484f8cc0c83db31ee1e0,True,80,otkwvsRiaK
2024-08-05 16:10:00,2.924146147631425,4.128424153243899,2.0365375872092186,06c0d817ab83487292d99416ff51579d,True,90,YsTlsIYbzu
2024-08-06 10:15:00,2.359764700389531,2.957871945199253,2.4287817068102906,263d96d5141a4e91adb5362ef521a8ea,False,76,LsMBNIuual
2024-08-07 11:08:00,2.8035640922572598,4.368188228351497,4.178325989337554,783639dddbe941bc86022a1459b567cb,True,44,TfoIqQTCPY
2024-08-08 18:39:00,2.425366123816017,4.601671926992573,3.9253291394837087,faab7d4e82bc4afea5f957a718d324cf,False,81,hLrrQoQduc
2024-08-09 10:39:00,4.30861957444302,4.546160772942896,4.243248401749796,cd3bf2efc7cd4a119dabec9fa7b17e82,True,18,TrjXwVRgwi
2024-08-10 09:42:00,3.4750193768416695,2.9287394232320665,3.864447966710207,eb4b2cc3d4684457b45e4f9195e16af6,True,1,FPVpMaCJCH
2024-08-11 16:04:00,4.991279372008698,4.931243664482992,4.806332465966577,4accbf86432f4c629ca13c3c5062ed8c,True,5,VXRUFfjqdh
2024-08-12 08:48:00,4.761525564704223,2.0916631397622827,4.035327170924042,a326cc39650e4a258dfdb795053b5f6c,True,35,CKRpfabisp
2024-08-13 01:52:00,2.1852774881595045,2.149131758762951,3.9702466649163317,b50be4336a0f403e9ca5c4851a471e2f,True,44,LOSssosrUe
2024-08-14 04:26:00,2.626717410478457,2.4883177345695886,3.4138774648048686,1621c454a4cb42e2bfbdf792dad5cd4b,False,98,NpBaRqDovd
2024-08-15 02:28:00,2.1412576393936975,,,2ee5dd0bcbef4909bd3866d4feae1483,False,87,UWifLHRIZu
2024-08-16 00:56:00,4.279894091109858,,3.9811098919090857,c85ef63c1b63441ca758c213a27afb57,True,87,fxWmLTFuqI
2024-08-17 08:42:00,2.636681628962268,2.3475761134787203,,a120821a09404753b3d1e4aa82ccca74,True,1,JKVuCKKjgF
2024-08-18 22:30:00,4.007763357150283,3.8155291829251015,4.8487043295873775,f9f5ca46a4b44a718ea33335d4b1eb76,False,42,FNRpcbXZyZ
2024-08-19 15:35:00,4.743186301629182,3.155515328564378,4.728422834770371,327a8b91ff2545cdab06ad9412abec0b,True,20,EKRYiLlDBS
2024-08-20 04:02:00,3.5595527430030964,3.2662747082126056,4.394477700912908,a2927fc533e54dd1a6adbfa7d73dcecd,True,20,BhWAQEpfHA
2024-08-21 03:15:00,,4.864429100152532,2.373197133884302,32f2d54e324e47219d97ceea26be9cd6,True,39,IEIOKzufkd
2024-08-22 22:11:00,3.690414202294358,3.6789931159361755,3.6698735922082446,73acd5ff1e01409cbae904902461984b,False,5,YpSmvNaUVi
2024-08-23 05:00:00,2.425670009153797,4.051252413715918,3.2053661722232314,0633a8f7c8d344eebfc1c1be4e2e3058,False,24,mHgWVXJSKi
2024-08-24 18:09:00,4.63185615793821,3.5312914204483943,2.857373698515804,5235d65cb87c42f99a5c6ee304208ba1,True,26,AZTnfSgJiM
2024-08-25 01:12:00,4.862321045564292,3.6647965666220386,4.334511207128173,be48c03610974b0fab39a38d54143b90,False,40,runLIVXtgq
2024-08-26 18:50:00,4.981067810459967,4.167703460807537,4.821780528466782,18ef037ffcdd4902ba7e1fb4164a036e,False,39,iZhPmFyVIP
2024-08-27 08:34:00,3.47096009044174,4.970072179211289,4.180112063156516,eb1681a9effb45e697e58d4093f07cf3,True,16,EvJuTvEuLI
2024-08-28 21:18:00,2.9059314732174797,4.709369640269876,4.350317631522437,6e732ecf07ff46d89c6cc96b767b809e,False,18,MzJttCjjWE
2024-08-29 10:25:00,3.38058064214581,4.822622653368265,4.605680185748069,0104d63693d8424da7e8fc66f07e9605,False,20,TFtGtUBfnD
2024-08-30 02:07:00,3.7050577569853376,4.213982450228813,4.484101530533142,91352aa527014be9a5600d9db0d3fa44,False,31,RsSdIrysff
2024-08-31 20:08:00,3.345931816894038,,4.1235058058385015,77cb371f932e4f8293e403bc89ff0a19,True,6,MPTygdzLDj
2024-09-01 20:28:00,,4.93110851230932,4.68894879736046,a0c833189c6440619fd9ac24a47843bf,True,62,YPPMptuAOn
2024-09-02 20:27:00,3.738240561138973,4.7708815836070695,3.4217204729707964,a581cb7cc5214fbebdb0d4d03127d93b,True,39,faegisNLrG
2024-09-03 11:15:00,,,4.963912465162422,717083694bbd46268bcc68989e2fb7b4,False,98,nexZvbMMCT
2024-09-04 05:53:00,4.634178663041501,4.626359589260975,2.746283618056615,9224b5f6100d4b45a461ff7bd44c575e,False,4,EmmEuhDcIL
2024-09-05 00:44:00,,2.9303345746332985,3.349684055162157,4d6f8f8a22fc4276912a8d6144105731,False,28,PGkOgZupiD
2024-09-06 02:45:00,2.5168984377250823,3.9870410831032554,4.96783099171397,e4369d092b624d63b7ea344c4d480dc8,True,5,izLELdoEGz
2024-09-07 21:49:00,,4.307474992425691,,d4c775a355614c029404abe23d1cf623,False,76,FWfNsPLMsT
2024-09-08 20:34:00,3.018608957423359,2.5591990090046677,4.888479765827748,c6365b86b8c64c21be4f9335bb8e98b3,False,51,CGwGLoNoof
2024-09-09 03:34:00,2.242172370501084,3.6672857484861647,2.7080753732785747,e92daaf9dd43490e9dbfeaa785b77d7a,False,68,ZqMKDkdpGy
2024-09-10 17:07:00,2.1699190261069727,4.687768572932885,3.1573692067881733,d255b4bfcf7c4d9f9b35ecb059a975c3,True,90,hMTyhRthcq
2024-09-11 16:19:00,3.7237112243832504,4.525008246722852,2.5139832274380165,cf6662f1a9424eda8fa1979282ec73fd,False,89,EJkZtKBffH
2024-09-12 07:36:00,3.7372178253820616,2.5573763888938283,4.7512146163841145,6e6b7d1465604ee6a68157666252b4ea,False,3,KBbnlXRdNV
2024-09-13 19:53:00,4.618082849679249,2.394714463273637,4.983648740146303,1b5bfc71ccad42f1a810e98c5b0fd871,True,55,ALvVqBNTfP
2024-09-14 05:53:00,,3.7460898808425926,3.5132544679287596,0b05ec72152943cc81bc5f073744502d,False,21,IwpAQAbqYd
2024-09-15 05:03:00,3.1908699881276137,4.750558309010869,2.628482043856236,474777efe2054fe0886876e7a0a701c5,False,98,AzKEuavxaf
2024-09-16 15:09:00,3.583940657127221,,4.2326692844164615,6131b9c2ef564c8ea0980cc8dcbdc0bb,False,58,QJakWEibSa
2024-09-17 22:34:00,3.453021729020198,2.203110629648942,3.297349869195191,db96600f91934b3c937702cd1a3d7cc2,False,8,DWPBDISWBy
2024-09-18 14:36:00,2.1691880664956997,4.841442792143923,2.179375010955641,8be518d2ffda40b28428ffb2e5a5177e,True,80,xGuTbPYZcg
2024-09-19 03:48:00,3.819493804091481,4.749199812479793,2.7267095864887354,0f8ec53a1c9d43718772b1a0b093bfc5,False,71,LRzwQaTHed
2024-09-20 22:02:00,,2.389927052452255,3.1655405244862496,d090e9c91a4c423883484a0ed4d523b7,True,48,uHhFKrKBxN
2024-09-21 08:24:00,2.1936964947753177,3.5547684516871154,3.9260082340135316,9f5aebc34eff4b319aa38eb77d102ce6,False,72,rSRhFnSGzh
2024-09-22 21:51:00,3.441254121763963,4.990611003216493,,95d8842dba6249e2bf2a89af9d1cd128,True,58,smVfAZGTHO
2024-09-23 16:17:00,3.1729618133181936,2.91085040278935,2.41969121004789,9f76e6420a86481f8999454580df45b9,False,15,iMIZPlFYiz
2024-09-24 18:48:00,4.348225987276628,4.398282282862133,4.459705195904429,f284001f8d4b4a958d53bf0527aa973c,True,68,HCRkjgADuH
2024-09-25 07:57:00,3.952564828604592,3.384790759557239,3.630790094589271,714d54b9e7504bd1a4fc1a1281287186,False,71,obhFCsnFSQ
2024-09-26 03:06:00,2.4817895232663045,3.8859110480922303,3.97889963295573,e75b523ad49b41498aa55473b3f9b670,True,8,sCBJQYdUQP
2024-09-27 08:55:00,4.565881670014145,3.7358543795557204,3.3599690266492974,c3178fa4d99a44d29116a6a7c331df5b,False,54,aFNlispjgN
2024-09-28 19:06:00,4.415774027782122,4.85860989031046,3.823129797873499,9e47ecedf52e49d0a55fa355e6a7e243,False,60,eASgGEkuqM
2024-09-29 21:25:00,3.4658079549430645,3.0399584578591137,3.137147253942186,b380576d24584e36859559840f76d37e,True,79,pwKETTnOtR
2024-09-30 10:56:00,4.508570640243163,4.720147536819554,4.250871484026575,339c93032104469687218d54132b4f7e,True,76,DGcdWeuQVV
2024-10-01 01:06:00,3.058571260164639,4.1627795470049875,2.6815467475569905,b7b41d7cef9147ae9d8b5a3457d089be,True,16,kykFqwnDaF
